{
  "heaven": {
    "Corpus A (translated)": {
      "pole1": 0.35897111892700195,
      "pole2": 0.4107571840286255,
      "diff": -0.051786065101623535
    },
    "Corpus B (original)": {
      "pole1": 0.3511369824409485,
      "pole2": 0.4341687262058258,
      "diff": -0.08303174376487732
    }
  },
  "fate": {
    "Corpus A (translated)": {
      "pole1": 0.42254412174224854,
      "pole2": 0.3331511318683624,
      "diff": 0.08939298987388611
    },
    "Corpus B (original)": {
      "pole1": 0.38326001167297363,
      "pole2": 0.3905908763408661,
      "diff": -0.007330864667892456
    }
  },
  "heart": {
    "Corpus A (translated)": {
      "pole1": 0.4417106509208679,
      "pole2": 0.3392607569694519,
      "diff": 0.10244989395141602
    },
    "Corpus B (original)": {
      "pole1": 0.3495328724384308,
      "pole2": 0.37279072403907776,
      "diff": -0.023257851600646973
    }
  },
  "face": {
    "Corpus A (translated)": {
      "pole1": 0.24919381737709045,
      "pole2": 0.6023550629615784,
      "diff": -0.3531612455844879
    },
    "Corpus B (original)": {
      "pole1": 0.1956687569618225,
      "pole2": 0.5415103435516357,
      "diff": -0.34584158658981323
    }
  },
  "brother": {
    "Corpus A (translated)": {
      "pole1": 0.32875770330429077,
      "pole2": 0.3773399591445923,
      "diff": -0.048582255840301514
    },
    "Corpus B (original)": {
      "pole1": 0.26996558904647827,
      "pole2": 0.4162929058074951,
      "diff": -0.14632731676101685
    }
  },
  "realm": {
    "Corpus A (translated)": {
      "pole1": 0.2611558735370636,
      "pole2": 0.2979193329811096,
      "diff": -0.03676345944404602
    },
    "Corpus B (original)": {
      "pole1": 0.3754200339317322,
      "pole2": 0.42005640268325806,
      "diff": -0.04463636875152588
    }
  },
  "energy": {
    "Corpus A (translated)": {
      "pole1": 0.39244896173477173,
      "pole2": 0.4769248962402344,
      "diff": -0.08447593450546265
    },
    "Corpus B (original)": {
      "pole1": 0.22571736574172974,
      "pole2": 0.4438810348510742,
      "diff": -0.21816366910934448
    }
  },
  "immortal": {
    "Corpus A (translated)": {
      "pole1": 0.29206886887550354,
      "pole2": 0.37343257665634155,
      "diff": -0.08136370778083801
    },
    "Corpus B (original)": {
      "pole1": 0.32440415024757385,
      "pole2": 0.3940739333629608,
      "diff": -0.06966978311538696
    }
  },
  "power": {
    "Corpus A (translated)": {
      "pole1": 0.33021625876426697,
      "pole2": 0.27312609553337097,
      "diff": 0.057090163230895996
    },
    "Corpus B (original)": {
      "pole1": 0.24893465638160706,
      "pole2": 0.30501025915145874,
      "diff": -0.056075602769851685
    }
  }
}