{
  "heaven": {
    "Corpus A (translated)": {
      "pole1": 0.3647054135799408,
      "pole2": 0.2887433171272278,
      "diff": 0.07596209645271301
    },
    "Corpus B (original)": {
      "pole1": 0.2459729164838791,
      "pole2": 0.39186713099479675,
      "diff": -0.14589421451091766
    }
  },
  "fate": {
    "Corpus A (translated)": {
      "pole1": 0.4581924080848694,
      "pole2": 0.30918338894844055,
      "diff": 0.14900901913642883
    },
    "Corpus B (original)": {
      "pole1": 0.3536932170391083,
      "pole2": 0.3553001582622528,
      "diff": -0.0016069412231445312
    }
  },
  "heart": {
    "Corpus A (translated)": {
      "pole1": 0.40059128403663635,
      "pole2": 0.3152390122413635,
      "diff": 0.08535227179527283
    },
    "Corpus B (original)": {
      "pole1": 0.323112428188324,
      "pole2": 0.35168546438217163,
      "diff": -0.028573036193847656
    }
  },
  "face": {
    "Corpus A (translated)": {
      "pole1": 0.2090875655412674,
      "pole2": 0.5834624171257019,
      "diff": -0.3743748515844345
    },
    "Corpus B (original)": {
      "pole1": 0.09893021732568741,
      "pole2": 0.5325133204460144,
      "diff": -0.433583103120327
    }
  },
  "brother": {
    "Corpus A (translated)": {
      "pole1": 0.3470235764980316,
      "pole2": 0.36660510301589966,
      "diff": -0.019581526517868042
    },
    "Corpus B (original)": {
      "pole1": 0.24401836097240448,
      "pole2": 0.46038636565208435,
      "diff": -0.21636800467967987
    }
  },
  "immortal": {
    "Corpus A (translated)": {
      "pole1": 0.299513041973114,
      "pole2": 0.2778138518333435,
      "diff": 0.021699190139770508
    },
    "Corpus B (original)": {
      "pole1": 0.3015015721321106,
      "pole2": 0.41090551018714905,
      "diff": -0.10940393805503845
    }
  },
  "pill": {
    "Corpus A (translated)": {
      "pole1": 0.38327282667160034,
      "pole2": 0.16479291021823883,
      "diff": 0.2184799164533615
    },
    "Corpus B (original)": {
      "pole1": 0.11778993904590607,
      "pole2": 0.20807428658008575,
      "diff": -0.09028434753417969
    }
  }
}